id,demographic_id,age,education,gender,ethnicity,family_ratio,income,in_household,household_id,relationship
d41_99,affluent_professional,53,8,1,0,0.6,67044,True,d41_hh150,head
d41_168,young_professional,31,6,1,0,0.2,29293,True,d41_hh150,partner
d177_457,farmer_agricultural,59,1,0,0,0.75,18345,True,d177_hh186,head
d177_342,farmer_agricultural,51,1,1,0,0.75,32000,True,d177_hh186,partner
d207_484,retired,68,3,0,0,0.3,19878,True,d207_hh7,head
d207_358,retired,71,4,0,0,0.3,14233,True,d207_hh7,partner
d7_176,working_class,53,2,1,0,0.65,31269,True,d7_hh25,head
d268_465,rural_worker,39,2,0,0,0.7,15919,True,d268_hh226,head
d51_321,farmer_agricultural,46,2,0,0,0.75,13140,True,d51_hh190,head
d51_142,affluent_professional,26,7,0,0,0.6,44479,True,d51_hh190,partner
d51_82,retired,83,5,0,0,0.3,36858,True,d51_hh190,partner
d51_218,retired,82,0,1,0,0.3,17935,True,d51_hh190,partner
d268_400,middle_class,41,3,1,0,0.7,38470,True,d268_hh204,head
d268_274,middle_class,54,4,0,0,0.7,33377,True,d268_hh204,partner
d268_16,retired,71,2,1,0,0.3,39814,True,d268_hh204,partner
d268_379,retired,77,1,0,0,0.3,26204,True,d268_hh204,partner
d219_289,young_professional,29,5,1,0,0.2,38601,True,d219_hh17,head
d219_173,young_professional,24,5,0,0,0.2,43955,True,d219_hh17,partner
d85_430,young_professional,32,7,0,0,0.2,33120,True,d85_hh183,head
d85_375,retired,71,1,1,0,0.3,20349,True,d85_hh183,partner
d76_175,retired,73,2,1,0,0.3,36314,True,d76_hh45,head
d76_124,middle_class,46,4,0,0,0.7,24927,True,d76_hh45,partner
d143_502,middle_class,60,6,0,0,0.7,61587,True,d143_hh11,head
d143_185,farmer_agricultural,64,3,1,0,0.75,35940,True,d143_hh11,partner
d120_329,affluent_professional,39,7,0,0,0.6,22204,True,d120_hh154,head
d120_235,farmer_agricultural,56,2,0,0,0.75,39294,True,d120_hh154,partner
d82_261,farmer_agricultural,55,1,1,0,0.75,130,True,d82_hh247,head
d82_298,middle_class,44,4,1,0,0.7,24256,True,d82_hh247,partner
d143_306,rural_worker,48,1,0,0,0.7,33821,True,d143_hh53,head
d143_440,retired,76,0,0,0,0.3,43198,True,d143_hh53,partner
d125_8,rural_worker,55,2,0,0,0.7,25112,True,d125_hh200,head
d125_117,rural_worker,35,1,0,0,0.7,24124,True,d125_hh200,partner
d67_48,affluent_professional,33,6,0,0,0.6,93712,True,d67_hh256,head
d42_416,rural_worker,54,0,0,0,0.7,21568,True,d42_hh156,head
d42_159,working_class,72,1,1,0,0.65,39875,True,d42_hh156,partner
d239_84,middle_class,29,5,0,0,0.7,41611,True,d239_hh67,head
d239_295,middle_class,39,4,0,0,0.7,45090,True,d239_hh67,partner
d248_163,middle_class,31,4,0,0,0.7,42616,True,d248_hh178,head
d248_240,middle_class,58,3,1,0,0.7,35062,True,d248_hh178,partner
d96_156,middle_class,43,6,0,0,0.7,48000,True,d96_hh24,head
d96_203,retired,75,0,1,0,0.3,32772,True,d96_hh24,partner
d26_451,working_class,59,0,1,0,0.65,30267,True,d26_hh49,head
d26_56,farmer_agricultural,48,1,0,0,0.75,9106,True,d26_hh49,partner
d277_383,low_income,43,0,0,0,0.5,10819,True,d277_hh124,head
d15_101,rural_worker,33,1,0,0,0.7,34473,True,d15_hh267,head
d15_302,working_class,44,2,0,0,0.65,22422,True,d15_hh267,partner
d15_210,farmer_agricultural,61,3,0,0,0.75,27261,True,d15_hh267,partner
d15_308,middle_class,53,3,1,0,0.7,41501,True,d15_hh267,partner
d15_404,farmer_agricultural,55,0,1,0,0.75,21292,True,d15_hh267,partner
d15_253,retired,60,0,1,0,0.3,24245,True,d15_hh267,partner
d210_100,rural_worker,33,2,0,0,0.7,23841,True,d210_hh7,head
d210_6,retired,72,2,1,0,0.3,3986,True,d210_hh7,partner
d270_372,rural_worker,19,2,1,0,0.7,27639,True,d270_hh221,head
d270_391,middle_class,40,9,0,0,0.7,44920,True,d270_hh221,partner
d183_46,farmer_agricultural,43,0,1,0,0.75,33846,True,d183_hh112,head
d183_461,working_class,63,2,1,0,0.65,20473,True,d183_hh112,partner
d12_258,rural_worker,42,1,1,0,0.7,23243,True,d12_hh76,head
d163_68,affluent_professional,40,5,1,0,0.6,62869,True,d163_hh222,head
d163_13,working_class,51,1,0,0,0.65,36346,True,d163_hh222,partner
d57_323,middle_class,32,5,1,0,0.7,55216,True,d57_hh11,head
d57_179,working_class,65,2,1,0,0.65,29725,True,d57_hh11,partner
d103_40,working_class,40,4,0,0,0.65,27998,True,d103_hh246,head
d102_439,farmer_agricultural,55,2,0,0,0.75,37437,True,d102_hh259,head
d102_144,working_class,25,1,0,0,0.65,27476,True,d102_hh259,partner
d179_439,student,24,9,1,0,0.05,7906,True,d179_hh19,head
d179_456,young_professional,24,5,1,0,0.2,41274,True,d179_hh19,partner
d179_171,working_class,51,3,0,0,0.65,40158,True,d179_hh19,partner
d179_287,young_professional,24,7,1,0,0.2,35249,True,d179_hh19,partner
d179_486,working_class,47,0,1,0,0.65,32249,True,d179_hh19,partner
d257_74,working_class,40,2,1,0,0.65,11600,True,d257_hh221,head
d257_270,farmer_agricultural,64,1,0,0,0.75,26709,True,d257_hh221,partner
d230_205,rural_worker,53,0,1,0,0.7,14226,True,d230_hh25,head
d230_437,middle_class,45,6,1,0,0.7,34979,True,d230_hh25,partner
d0_464,working_class,42,3,0,0,0.65,11030,True,d0_hh222,head
d0_34,farmer_agricultural,47,2,0,0,0.75,13995,True,d0_hh222,partner
d277_237,affluent_professional,39,7,1,0,0.6,38681,True,d277_hh51,head
d277_188,middle_class,40,5,0,0,0.7,29950,True,d277_hh51,partner
d63_64,rural_worker,60,3,1,0,0.7,28333,True,d63_hh259,head
d63_449,retired,51,3,1,0,0.3,21399,True,d63_hh259,partner
d107_491,working_class,51,0,0,0,0.65,25352,True,d107_hh185,head
d107_70,working_class,40,3,0,0,0.65,9672,True,d107_hh185,partner
d192_473,farmer_agricultural,37,0,0,0,0.75,22216,True,d192_hh117,head
d192_461,middle_class,56,4,0,0,0.7,35832,True,d192_hh117,partner
d155_235,middle_class,47,6,1,0,0.7,42331,True,d155_hh161,head
d188_435,working_class,51,2,1,0,0.65,21009,True,d188_hh179,head
d188_452,middle_class,43,6,0,0,0.7,37187,True,d188_hh179,partner
d149_146,middle_class,43,4,1,0,0.7,47098,True,d149_hh177,head
d149_79,retired,71,3,0,0,0.3,23414,True,d149_hh177,partner
d31_340,farmer_agricultural,49,2,0,0,0.75,9849,True,d31_hh169,head
d31_252,retired,79,3,0,0,0.3,25429,True,d31_hh169,partner
d31_499,retired,75,0,0,0,0.3,14116,True,d31_hh169,partner
d31_357,retired,79,0,0,0,0.3,19425,True,d31_hh169,partner
d92_230,low_income,20,2,0,0,0.5,25999,True,d92_hh144,head
d14_492,farmer_agricultural,43,2,1,0,0.75,24141,True,d14_hh280,head
d14_35,retired,65,1,1,0,0.3,12829,True,d14_hh280,partner
d21_208,low_income,47,1,1,0,0.5,16335,True,d21_hh255,head
d240_491,rural_worker,51,2,0,0,0.7,29725,True,d240_hh117,head
d240_43,middle_class,52,5,1,0,0.7,36614,True,d240_hh117,partner
d240_4,farmer_agricultural,76,2,1,0,0.75,49061,True,d240_hh117,partner
d240_419,retired,68,2,0,0,0.3,-1468,True,d240_hh117,partner
d188_82,young_professional,29,6,0,0,0.2,24197,True,d188_hh146,head
d188_389,middle_class,43,4,0,0,0.7,58234,True,d188_hh146,partner
d276_331,young_professional,34,4,0,0,0.2,25068,True,d276_hh20,head
d276_296,affluent_professional,41,6,0,0,0.6,103476,True,d276_hh20,partner
d77_142,rural_worker,41,1,1,0,0.7,12461,True,d77_hh110,head
d77_438,working_class,43,1,1,0,0.65,26625,True,d77_hh110,partner
d13_446,working_class,48,2,0,0,0.65,30991,True,d13_hh246,head
d192_32,farmer_agricultural,68,1,1,0,0.75,11778,True,d192_hh128,head
d192_52,working_class,28,4,0,0,0.65,20541,True,d192_hh128,partner
d123_166,middle_class,61,3,1,0,0.7,30845,True,d123_hh72,head
d138_348,farmer_agricultural,52,1,0,0,0.75,13924,True,d138_hh187,head
d138_63,retired,70,2,1,0,0.3,4902,True,d138_hh187,partner
d246_528,farmer_agricultural,28,2,0,0,0.75,33311,True,d246_hh256,head
d246_444,farmer_agricultural,42,1,0,0,0.75,43210,True,d246_hh256,partner
d246_113,rural_worker,69,0,1,0,0.7,22555,True,d246_hh256,partner
d246_59,working_class,45,1,1,0,0.65,30235,True,d246_hh256,partner
d246_446,working_class,54,1,0,0,0.65,26902,True,d246_hh256,partner
d45_235,working_class,49,1,0,0,0.65,33761,True,d45_hh163,head
d45_32,farmer_agricultural,78,0,0,0,0.75,31520,True,d45_hh163,partner
d276_92,student,18,6,1,0,0.05,14215,True,d276_hh85,head
d276_401,affluent_professional,49,6,1,0,0.6,45365,True,d276_hh85,partner
d276_164,student,19,4,1,0,0.05,14393,True,d276_hh85,partner
d285_208,working_class,71,4,0,0,0.65,16585,True,d285_hh187,head
d118_347,young_professional,24,4,0,0,0.2,25904,True,d118_hh80,head
d24_173,rural_worker,38,2,0,0,0.7,21662,True,d24_hh184,head
d249_360,middle_class,48,4,0,0,0.7,26908,True,d249_hh65,head
d249_37,farmer_agricultural,34,1,1,0,0.75,28484,True,d249_hh65,partner
d15_361,working_class,45,2,0,0,0.65,30892,True,d15_hh104,head
d175_139,rural_worker,44,1,0,0,0.7,29024,True,d175_hh214,head
d284_214,working_class,50,3,1,0,0.65,29951,True,d284_hh213,head
d284_163,retired,68,1,1,0,0.3,14892,True,d284_hh213,partner
d242_430,working_class,51,2,1,0,0.65,26524,True,d242_hh81,head
d63_344,working_class,39,1,0,0,0.65,39246,True,d63_hh149,head
d63_105,affluent_professional,46,8,0,0,0.6,27505,True,d63_hh149,partner
d45_108,farmer_agricultural,67,0,1,0,0.75,39166,True,d45_hh72,head
d45_351,farmer_agricultural,58,1,1,0,0.75,45510,True,d45_hh72,partner
d35_287,rural_worker,58,2,0,0,0.7,30892,True,d35_hh46,head
d35_461,middle_class,59,5,1,0,0.7,34656,True,d35_hh46,partner
d69_115,retired,81,3,0,0,0.3,24511,True,d69_hh214,head
d57_383,working_class,55,4,0,0,0.65,37445,True,d57_hh70,head
d11_156,working_class,61,4,0,0,0.65,29651,True,d11_hh54,head
d205_90,retired,73,3,0,0,0.3,27643,True,d205_hh209,head
d29_477,middle_class,44,4,0,0,0.7,46900,True,d29_hh271,head
d257_424,working_class,47,2,1,0,0.65,25963,True,d257_hh256,head
d257_373,middle_class,47,2,0,0,0.7,48860,True,d257_hh256,partner
d94_400,rural_worker,51,2,1,0,0.7,20053,True,d94_hh108,head
d94_210,working_class,30,5,1,0,0.65,17842,True,d94_hh108,partner
d183_268,working_class,44,4,0,0,0.65,20938,True,d183_hh139,head
d183_1,farmer_agricultural,50,2,1,0,0.75,15744,True,d183_hh139,partner
d174_394,middle_class,43,3,1,0,0.7,53499,True,d174_hh197,head
d174_371,working_class,61,3,1,0,0.65,38184,True,d174_hh197,partner
d86_226,rural_worker,37,3,0,0,0.7,23407,True,d86_hh164,head
d86_311,rural_worker,43,0,1,0,0.7,18112,True,d86_hh164,partner
d125_319,retired,64,2,1,0,0.3,26447,True,d125_hh3,head
d125_209,working_class,57,3,0,0,0.65,30002,True,d125_hh3,partner
d179_112,retired,68,1,1,0,0.3,26384,True,d179_hh280,head
d79_132,rural_worker,54,1,0,0,0.7,26084,True,d79_hh89,head
d79_444,retired,69,3,0,0,0.3,-1854,True,d79_hh89,partner
d63_478,working_class,41,2,1,0,0.65,36210,True,d63_hh156,head
d253_136,farmer_agricultural,53,2,1,0,0.75,24085,True,d253_hh10,head
d253_424,farmer_agricultural,51,1,1,0,0.75,36054,True,d253_hh10,partner
d18_60,rural_worker,62,0,0,0,0.7,34534,True,d18_hh3,head
d18_41,farmer_agricultural,40,0,0,0,0.75,36333,True,d18_hh3,partner
d143_410,retired,73,0,0,0,0.3,15405,True,d143_hh214,head
d143_498,farmer_agricultural,41,2,1,0,0.75,39841,True,d143_hh214,partner
d246_251,farmer_agricultural,36,2,1,0,0.75,21151,True,d246_hh170,head
d26_12,farmer_agricultural,70,0,0,0,0.75,720,True,d26_hh20,head
d26_296,working_class,74,2,1,0,0.65,25075,True,d26_hh20,partner
d209_40,farmer_agricultural,55,2,0,0,0.75,24482,True,d209_hh256,head
d209_389,working_class,50,0,1,0,0.65,26294,True,d209_hh256,partner
d210_456,retired,68,3,0,0,0.3,41505,True,d210_hh223,head
d210_176,rural_worker,37,0,0,0,0.7,27561,True,d210_hh223,partner
d8_163,middle_class,57,6,0,0,0.7,46056,True,d8_hh72,head
d137_120,working_class,55,3,1,0,0.65,48797,True,d137_hh209,head
d123_328,affluent_professional,46,5,0,0,0.6,100826,True,d123_hh20,head
d159_236,rural_worker,42,1,0,0,0.7,23043,True,d159_hh159,head
d159_83,farmer_agricultural,56,2,1,0,0.75,5529,True,d159_hh159,partner
d192_216,farmer_agricultural,47,1,0,0,0.75,25815,True,d192_hh281,head
d272_46,retired,76,3,0,0,0.3,18959,True,d272_hh23,head
d148_384,farmer_agricultural,55,2,1,0,0.75,14002,True,d148_hh58,head
d148_3,farmer_agricultural,52,2,0,0,0.75,20550,True,d148_hh58,partner
d85_87,working_class,37,0,0,0,0.65,22014,True,d85_hh161,head
d85_411,retired,96,0,0,0,0.3,13664,True,d85_hh161,partner
d180_20,rural_worker,61,1,1,0,0.7,23581,True,d180_hh185,head
d180_402,rural_worker,35,2,1,0,0.7,15842,True,d180_hh185,partner
d192_170,farmer_agricultural,59,1,1,0,0.75,24434,True,d192_hh274,head
d192_143,working_class,66,2,0,0,0.65,24446,True,d192_hh274,partner
d62_393,middle_class,29,3,0,0,0.7,35782,True,d62_hh134,head
d62_332,farmer_agricultural,39,2,0,0,0.75,37412,True,d62_hh134,partner
d283_166,farmer_agricultural,37,1,0,0,0.75,22834,True,d283_hh154,head
d283_171,working_class,32,0,1,0,0.65,32103,True,d283_hh154,partner
d169_290,working_class,47,0,0,0,0.65,45338,True,d169_hh279,head
d169_397,working_class,63,0,1,0,0.65,21836,True,d169_hh279,partner
d275_41,rural_worker,36,1,0,0,0.7,32996,True,d275_hh48,head
d275_146,rural_worker,47,2,1,0,0.7,28610,True,d275_hh48,partner
d73_152,working_class,36,1,0,0,0.65,21399,True,d73_hh153,head
d73_344,farmer_agricultural,69,4,0,0,0.75,6931,True,d73_hh153,partner
d143_314,affluent_professional,43,5,1,0,0.6,73282,True,d143_hh40,head
d143_360,working_class,57,3,0,0,0.65,28940,True,d143_hh40,partner
d153_107,working_class,39,2,0,0,0.65,21476,True,d153_hh91,head
d153_96,farmer_agricultural,55,0,1,0,0.75,29213,True,d153_hh91,partner
d27_290,farmer_agricultural,37,2,0,0,0.75,12026,True,d27_hh83,head
d27_179,working_class,49,1,1,0,0.65,29725,True,d27_hh83,partner
d94_475,retired,74,1,1,0,0.3,24393,True,d94_hh40,head
d284_450,farmer_agricultural,32,3,1,0,0.75,12682,True,d284_hh43,head
d21_401,working_class,27,1,0,0,0.65,19476,True,d21_hh181,head
d74_270,affluent_professional,42,5,0,0,0.6,80943,True,d74_hh158,head
d275_7,middle_class,55,5,0,0,0.7,28870,True,d275_hh27,head
d275_177,middle_class,48,7,0,0,0.7,55703,True,d275_hh27,partner
d193_341,farmer_agricultural,33,1,1,0,0.75,34523,True,d193_hh126,head
d193_458,farmer_agricultural,72,3,0,0,0.75,14688,True,d193_hh126,partner
d211_197,retired,79,2,1,0,0.3,23375,True,d211_hh177,head
d211_357,farmer_agricultural,68,1,0,0,0.75,2103,True,d211_hh177,partner
d109_297,middle_class,59,4,1,0,0.7,47895,True,d109_hh128,head
d109_351,middle_class,47,2,1,0,0.7,43037,True,d109_hh128,partner
d36_219,working_class,36,1,1,0,0.65,32652,True,d36_hh105,head
d36_276,affluent_professional,48,8,0,0,0.6,72915,True,d36_hh105,partner
d34_107,middle_class,51,4,0,0,0.7,62942,True,d34_hh108,head
d7_438,farmer_agricultural,66,1,0,0,0.75,17648,True,d7_hh149,head
d7_421,middle_class,42,5,1,0,0.7,32268,True,d7_hh149,partner
d97_55,farmer_agricultural,31,1,0,0,0.75,27584,True,d97_hh44,head
d11_253,farmer_agricultural,70,1,1,0,0.75,22605,True,d11_hh261,head
d11_392,rural_worker,22,2,0,0,0.7,25144,True,d11_hh261,partner
d252_443,working_class,28,2,0,0,0.65,51179,True,d252_hh132,head
d252_275,retired,47,1,1,0,0.3,14010,True,d252_hh132,partner
d29_503,rural_worker,34,1,0,0,0.7,35959,True,d29_hh251,head
d29_417,rural_worker,47,3,1,0,0.7,21898,True,d29_hh251,partner
d195_82,working_class,54,2,1,0,0.65,17181,True,d195_hh141,head
d195_378,farmer_agricultural,82,2,1,0,0.75,55434,True,d195_hh141,partner
d266_185,affluent_professional,48,7,0,0,0.6,53638,True,d266_hh264,head
d266_296,rural_worker,33,2,1,0,0.7,26940,True,d266_hh264,partner
d240_471,working_class,35,2,0,0,0.65,17885,True,d240_hh172,head
d136_479,rural_worker,39,1,0,0,0.7,13543,True,d136_hh37,head
d136_441,working_class,29,2,1,0,0.65,19378,True,d136_hh37,partner
d124_184,rural_worker,36,1,0,0,0.7,11465,True,d124_hh71,head
d183_30,farmer_agricultural,38,1,0,0,0.75,13051,True,d183_hh64,head
d184_439,working_class,38,2,1,0,0.65,31209,True,d184_hh262,head
d5_279,middle_class,41,2,1,0,0.7,49296,True,d5_hh42,head
d5_321,working_class,53,1,1,0,0.65,26756,True,d5_hh42,partner
d7_432,affluent_professional,46,7,1,0,0.6,65161,True,d7_hh142,head
d7_396,rural_worker,62,1,0,0,0.7,29334,True,d7_hh142,partner
d15_495,rural_worker,52,1,1,0,0.7,21228,True,d15_hh278,head
d15_317,middle_class,44,2,1,0,0.7,46856,True,d15_hh278,partner
d49_130,middle_class,43,4,1,0,0.7,44364,True,d49_hh185,head
d49_333,retired,76,0,0,0,0.3,31053,True,d49_hh185,partner
d254_121,retired,80,4,0,0,0.3,14885,True,d254_hh162,head
d254_113,affluent_professional,35,6,1,0,0.6,51374,True,d254_hh162,partner
d160_404,working_class,40,4,0,0,0.65,39396,True,d160_hh98,head
d160_26,working_class,72,2,1,0,0.65,31593,True,d160_hh98,partner
d248_238,working_class,41,1,0,0,0.65,33749,True,d248_hh12,head
d248_338,retired,77,3,0,0,0.3,39436,True,d248_hh12,partner
d177_212,farmer_agricultural,48,3,1,0,0.75,14543,True,d177_hh219,head
d177_150,working_class,49,3,0,0,0.65,28510,True,d177_hh219,partner
d177_311,retired,67,3,0,0,0.3,29656,True,d177_hh219,partner
d106_52,student,19,4,1,0,0.05,32373,True,d106_hh39,head
d106_401,low_income,41,0,1,0,0.5,17078,True,d106_hh39,partner
d106_280,working_class,49,2,1,0,0.65,21744,True,d106_hh39,partner
d106_74,affluent_professional,41,5,0,0,0.6,55777,True,d106_hh39,partner
d38_74,middle_class,41,4,1,0,0.7,56509,True,d38_hh21,head
d38_167,rural_worker,44,1,0,0,0.7,21365,True,d38_hh21,partner
d21_90,working_class,42,3,0,0,0.65,34217,True,d21_hh142,head
d21_76,retired,66,3,1,0,0.3,19208,True,d21_hh142,partner
d199_353,retired,70,5,1,0,0.3,15390,True,d199_hh87,head
d199_133,working_class,53,2,1,0,0.65,26064,True,d199_hh87,partner
d82_441,retired,71,2,0,0,0.3,13425,True,d82_hh182,head
d82_214,working_class,59,3,0,0,0.65,23924,True,d82_hh182,partner
d258_17,rural_worker,56,1,0,0,0.7,24091,True,d258_hh157,head
d258_371,rural_worker,38,2,0,0,0.7,12900,True,d258_hh157,partner
d201_306,affluent_professional,40,5,0,0,0.6,105199,True,d201_hh148,head
d201_318,rural_worker,51,2,0,0,0.7,26147,True,d201_hh148,partner
d173_288,farmer_agricultural,74,1,0,0,0.75,-518,True,d173_hh216,head
d173_382,farmer_agricultural,45,0,1,0,0.75,20268,True,d173_hh216,partner
d91_144,middle_class,36,3,1,0,0.7,49800,True,d91_hh274,head
d91_402,rural_worker,58,1,1,0,0.7,14080,True,d91_hh274,partner
d45_115,working_class,31,3,1,0,0.65,16234,True,d45_hh17,head
d45_311,rural_worker,44,2,1,0,0.7,28165,True,d45_hh17,partner
d266_106,middle_class,29,4,1,0,0.7,38316,True,d266_hh99,head
d28_189,middle_class,46,3,1,0,0.7,17274,True,d28_hh87,head
d217_62,rural_worker,45,3,1,0,0.7,19034,True,d217_hh165,head
d124_2,rural_worker,53,1,0,0,0.7,35616,True,d124_hh182,head
d124_374,farmer_agricultural,53,2,0,0,0.75,33133,True,d124_hh182,partner
d244_317,middle_class,35,2,1,0,0.7,43424,True,d244_hh202,head
d244_363,working_class,54,2,1,0,0.65,35614,True,d244_hh202,partner
d0_436,retired,49,2,1,0,0.3,10199,True,d0_hh0,head
d0_282,farmer_agricultural,90,2,0,0,0.75,17391,True,d0_hh0,partner
d74_347,rural_worker,44,2,0,0,0.7,23767,True,d74_hh89,head
d74_156,rural_worker,36,3,0,0,0.7,16960,True,d74_hh89,partner
d64_359,student,17,4,0,0,0.05,13536,True,d64_hh275,head
d64_372,middle_class,53,5,1,0,0.7,43369,True,d64_hh275,partner
d64_260,student,18,6,0,0,0.05,4099,True,d64_hh275,partner
d103_361,rural_worker,51,0,1,0,0.7,19244,True,d103_hh33,head
d103_206,farmer_agricultural,40,2,1,0,0.75,-291,True,d103_hh33,partner
d103_218,retired,80,4,0,0,0.3,30770,True,d103_hh33,partner
d103_105,retired,72,6,1,0,0.3,13020,True,d103_hh33,partner
d128_453,middle_class,46,2,1,0,0.7,42167,True,d128_hh205,head
d128_30,affluent_professional,45,6,1,0,0.6,52026,True,d128_hh205,partner
d278_244,middle_class,48,3,0,0,0.7,40848,True,d278_hh62,head
d278_423,middle_class,39,3,0,0,0.7,27293,True,d278_hh62,partner
d127_28,farmer_agricultural,57,-1,0,0,0.75,-7330,True,d127_hh223,head
d127_324,farmer_agricultural,50,0,1,0,0.75,29464,True,d127_hh223,partner
d4_467,retired,75,0,1,0,0.3,29045,True,d4_hh253,head
d218_377,working_class,33,1,1,0,0.65,23444,True,d218_hh100,head
d218_384,retired,62,3,0,0,0.3,30449,True,d218_hh100,partner
d231_113,working_class,32,3,1,0,0.65,45724,True,d231_hh252,head
d231_268,affluent_professional,48,5,1,0,0.6,54578,True,d231_hh252,partner
d190_266,rural_worker,39,2,1,0,0.7,40485,True,d190_hh268,head
d190_17,working_class,46,2,0,0,0.65,11668,True,d190_hh268,partner
d156_226,retired,69,1,1,0,0.3,9189,True,d156_hh141,head
d281_47,affluent_professional,48,7,1,0,0.6,88413,True,d281_hh140,head
d281_275,rural_worker,36,0,0,0,0.7,11766,True,d281_hh140,partner
d56_114,retired,75,3,1,0,0.3,30464,True,d56_hh175,head
d73_236,working_class,47,2,0,0,0.65,16800,True,d73_hh129,head
d278_213,middle_class,22,6,0,0,0.7,26107,True,d278_hh234,head
d278_285,rural_worker,29,2,1,0,0.7,24462,True,d278_hh234,partner
d210_269,working_class,43,1,0,0,0.65,8827,True,d210_hh219,head
d186_188,retired,85,1,1,0,0.3,15624,True,d186_hh245,head
d97_53,rural_worker,46,0,1,0,0.7,22912,True,d97_hh128,head
d97_207,retired,61,3,0,0,0.3,21675,True,d97_hh128,partner
d225_277,farmer_agricultural,53,1,0,0,0.75,39547,True,d225_hh37,head
d225_240,affluent_professional,55,5,1,0,0.6,63215,True,d225_hh37,partner
d129_130,retired,87,3,0,0,0.3,7266,True,d129_hh58,head
d201_273,farmer_agricultural,28,2,0,0,0.75,28820,True,d201_hh187,head
d201_384,middle_class,45,4,1,0,0.7,33441,True,d201_hh187,partner
d211_433,retired,84,4,1,0,0.3,10538,True,d211_hh145,head
d211_116,rural_worker,41,2,1,0,0.7,18081,True,d211_hh145,partner
d267_43,working_class,51,2,0,0,0.65,29271,True,d267_hh113,head
d267_281,farmer_agricultural,74,2,0,0,0.75,63351,True,d267_hh113,partner
d246_81,farmer_agricultural,63,2,1,0,0.75,63963,True,d246_hh90,head
d246_165,rural_worker,60,1,0,0,0.7,13585,True,d246_hh90,partner
d92_338,student,17,6,1,0,0.05,25880,True,d92_hh159,head
d92_154,middle_class,53,4,0,0,0.7,35938,True,d92_hh159,partner
d92_165,young_professional,27,6,0,0,0.2,43015,True,d92_hh159,partner
d42_341,farmer_agricultural,45,2,1,0,0.75,14745,True,d42_hh49,head
d42_414,rural_worker,40,2,1,0,0.7,17819,True,d42_hh49,partner
d14_424,retired,75,1,0,0,0.3,16597,True,d14_hh152,head
d14_433,working_class,58,1,0,0,0.65,23634,True,d14_hh152,partner
d213_149,working_class,35,2,0,0,0.65,28518,True,d213_hh51,head
d213_19,retired,80,3,1,0,0.3,25260,True,d213_hh51,partner
d28_328,student,18,4,0,0,0.05,22431,True,d28_hh18,head
d28_143,young_professional,30,6,1,0,0.2,35691,True,d28_hh18,partner
d28_136,working_class,54,2,0,0,0.65,30050,True,d28_hh18,partner
d65_89,rural_worker,42,1,1,0,0.7,28477,True,d65_hh186,head
d65_27,working_class,63,5,0,0,0.65,23396,True,d65_hh186,partner
d63_130,affluent_professional,26,6,0,0,0.6,93646,True,d63_hh180,head
d63_310,retired,66,4,0,0,0.3,25267,True,d63_hh180,partner
d165_76,retired,75,1,1,0,0.3,33158,True,d165_hh143,head
d165_309,rural_worker,74,1,0,0,0.7,19900,True,d165_hh143,partner
d154_125,farmer_agricultural,31,1,1,0,0.75,5210,True,d154_hh114,head
d154_37,retired,66,4,1,0,0.3,19932,True,d154_hh114,partner
d21_255,working_class,54,3,1,0,0.65,15390,True,d21_hh49,head
d21_207,middle_class,36,7,1,0,0.7,61626,True,d21_hh49,partner
d159_363,working_class,58,1,0,0,0.65,21181,True,d159_hh50,head
d159_16,middle_class,68,4,0,0,0.7,18807,True,d159_hh50,partner
d9_193,middle_class,48,3,0,0,0.7,38454,True,d9_hh274,head
d9_80,retired,63,2,0,0,0.3,22607,True,d9_hh274,partner
d201_303,farmer_agricultural,56,1,1,0,0.75,26648,True,d201_hh199,head
d201_115,farmer_agricultural,38,1,1,0,0.75,35191,True,d201_hh199,partner
d97_471,affluent_professional,27,4,1,0,0.6,47458,True,d97_hh149,head
d97_417,working_class,44,2,1,0,0.65,22274,True,d97_hh149,partner
d272_73,rural_worker,52,0,0,0,0.7,10758,True,d272_hh256,head
d272_286,retired,66,5,1,0,0.3,31843,True,d272_hh256,partner
d75_381,retired,79,3,0,0,0.3,34916,True,d75_hh10,head
d73_327,farmer_agricultural,59,2,0,0,0.75,17478,True,d73_hh69,head
d73_238,middle_class,36,6,0,0,0.7,43024,True,d73_hh69,partner
d138_200,retired,64,4,1,0,0.3,19368,True,d138_hh99,head
d85_192,young_professional,30,6,0,0,0.2,27085,True,d85_hh21,head
d85_79,affluent_professional,46,5,0,0,0.6,38098,True,d85_hh21,partner
d4_104,working_class,44,3,0,0,0.65,27497,True,d4_hh100,head
d4_366,working_class,59,3,0,0,0.65,27333,True,d4_hh100,partner
d83_351,retired,65,2,1,0,0.3,18306,True,d83_hh122,head
d150_370,retired,78,3,1,0,0.3,193,True,d150_hh256,head
d150_479,farmer_agricultural,45,2,0,0,0.75,23155,True,d150_hh256,partner
d1_327,student,13,6,0,0,0.05,23480,True,d1_hh121,head
d1_54,retired,70,1,0,0,0.3,23113,True,d1_hh121,partner
d1_119,low_income,27,2,0,0,0.5,7899,True,d1_hh121,partner
d68_67,working_class,53,2,0,0,0.65,29505,True,d68_hh119,head
d68_515,low_income,17,1,1,0,0.5,9560,True,d68_hh119,partner
d31_301,working_class,42,4,1,0,0.65,40748,True,d31_hh42,head
d31_229,farmer_agricultural,38,2,1,0,0.75,20712,True,d31_hh42,partner
d143_76,middle_class,42,5,0,0,0.7,26797,True,d143_hh93,head
d143_403,farmer_agricultural,46,2,1,0,0.75,24060,True,d143_hh93,partner
d254_75,retired,61,1,0,0,0.3,30510,True,d254_hh28,head
d0_261,retired,79,2,0,0,0.3,24487,True,d0_hh146,head
d213_56,rural_worker,52,1,0,0,0.7,20911,True,d213_hh22,head
d213_360,affluent_professional,32,6,1,0,0.6,56302,True,d213_hh22,partner
d210_106,farmer_agricultural,31,2,0,0,0.75,17280,True,d210_hh81,head
d71_226,retired,57,3,1,0,0.3,27919,True,d71_hh216,head
d101_195,farmer_agricultural,38,2,0,0,0.75,18846,True,d101_hh107,head
d101_426,middle_class,57,5,1,0,0.7,33752,True,d101_hh107,partner
d127_313,working_class,40,0,0,0,0.65,33347,True,d127_hh93,head
d127_167,retired,78,3,1,0,0.3,44333,True,d127_hh93,partner
d97_17,rural_worker,43,2,1,0,0.7,27364,True,d97_hh219,head
d97_43,middle_class,36,4,0,0,0.7,39147,True,d97_hh219,partner
d169_96,working_class,53,3,0,0,0.65,43918,True,d169_hh219,head
d169_308,retired,78,3,1,0,0.3,38571,True,d169_hh219,partner
d239_426,rural_worker,57,1,0,0,0.7,15316,True,d239_hh223,head
d239_127,farmer_agricultural,34,2,1,0,0.75,24865,True,d239_hh223,partner
d115_423,middle_class,56,5,0,0,0.7,47130,True,d115_hh133,head
d115_422,retired,76,2,0,0,0.3,31612,True,d115_hh133,partner
d243_187,farmer_agricultural,49,2,0,0,0.75,17449,True,d243_hh45,head
d243_455,middle_class,56,1,0,0,0.7,25500,True,d243_hh45,partner
d86_85,working_class,29,3,1,0,0.65,20164,True,d86_hh187,head
d86_11,rural_worker,42,3,0,0,0.7,34732,True,d86_hh187,partner
d258_126,farmer_agricultural,60,3,1,0,0.75,24773,True,d258_hh130,head
d258_372,affluent_professional,36,5,1,0,0.6,69777,True,d258_hh130,partner
d157_77,rural_worker,54,1,0,0,0.7,21550,True,d157_hh78,head
d157_491,middle_class,58,3,0,0,0.7,33598,True,d157_hh78,partner
d92_26,working_class,39,2,0,0,0.65,40035,True,d92_hh240,head
d92_238,low_income,23,0,0,0,0.5,8163,True,d92_hh240,partner
d177_390,retired,71,0,0,0,0.3,31810,True,d177_hh52,head
d271_250,middle_class,47,3,1,0,0.7,43987,True,d271_hh102,head
d271_64,rural_worker,51,1,0,0,0.7,36113,True,d271_hh102,partner
d132_183,affluent_professional,47,7,0,0,0.6,65973,True,d132_hh212,head
d132_228,affluent_professional,49,7,0,0,0.6,89609,True,d132_hh212,partner
d268_54,working_class,51,0,1,0,0.65,40095,True,d268_hh33,head
d268_389,rural_worker,39,2,0,0,0.7,14635,True,d268_hh33,partner
d53_304,farmer_agricultural,44,0,0,0,0.75,47299,True,d53_hh178,head
d53_214,middle_class,60,6,0,0,0.7,22304,True,d53_hh178,partner
d64_7,young_professional,32,5,0,0,0.2,47691,True,d64_hh55,head
d208_0,student,20,4,0,0,0.05,18570,True,d208_hh41,head
d214_316,farmer_agricultural,68,2,0,0,0.75,17454,True,d214_hh54,head
d214_283,working_class,35,1,0,0,0.65,14397,True,d214_hh54,partner
d101_304,farmer_agricultural,50,3,1,0,0.75,22644,True,d101_hh258,head
d101_396,working_class,67,2,0,0,0.65,24159,True,d101_hh258,partner
d132_141,rural_worker,67,2,0,0,0.7,35049,True,d132_hh204,head
d132_162,working_class,49,2,0,0,0.65,21715,True,d132_hh204,partner
d291_401,affluent_professional,41,6,0,0,0.6,60496,True,d291_hh200,head
d266_433,working_class,38,3,0,0,0.65,16942,True,d266_hh19,head
d266_88,middle_class,54,5,1,0,0.7,37454,True,d266_hh19,partner
d76_134,working_class,38,1,1,0,0.65,25479,True,d76_hh196,head
d76_336,retired,69,1,0,0,0.3,21324,True,d76_hh196,partner
d69_320,rural_worker,39,1,0,0,0.7,22747,True,d69_hh1,head
d69_338,working_class,47,1,0,0,0.65,30645,True,d69_hh1,partner
d34_96,retired,71,2,0,0,0.3,24095,True,d34_hh75,head
d34_0,affluent_professional,28,5,1,0,0.6,78907,True,d34_hh75,partner
d153_276,retired,76,2,0,0,0.3,31175,True,d153_hh108,head
d153_136,farmer_agricultural,48,1,1,0,0.75,45010,True,d153_hh108,partner
d100_407,affluent_professional,49,6,1,0,0.6,66031,True,d100_hh224,head
d100_222,working_class,46,4,1,0,0.65,40733,True,d100_hh224,partner
d165_83,retired,80,4,1,0,0.3,20865,True,d165_hh191,head
d175_91,middle_class,22,3,0,0,0.7,35388,True,d175_hh6,head
d175_165,farmer_agricultural,41,0,1,0,0.75,18851,True,d175_hh6,partner
d169_220,working_class,55,0,1,0,0.65,31483,True,d169_hh260,head
d211_231,retired,70,3,0,0,0.3,22153,True,d211_hh257,head
d211_286,rural_worker,48,0,0,0,0.7,24273,True,d211_hh257,partner
d82_339,working_class,51,3,1,0,0.65,26751,True,d82_hh214,head
d82_309,retired,64,2,1,0,0.3,6328,True,d82_hh214,partner
d68_28,middle_class,39,2,1,0,0.7,47393,True,d68_hh50,head
d68_374,working_class,48,2,0,0,0.65,29456,True,d68_hh50,partner
d54_153,retired,80,2,0,0,0.3,16985,True,d54_hh173,head
d54_78,affluent_professional,48,4,1,0,0.6,70508,True,d54_hh173,partner
d160_456,retired,78,0,1,0,0.3,6254,True,d160_hh127,head
d160_390,working_class,50,0,0,0,0.65,21513,True,d160_hh127,partner
d224_62,working_class,65,4,0,0,0.65,23107,True,d224_hh174,head
d271_5,middle_class,51,5,1,0,0.7,40088,True,d271_hh118,head
d123_384,working_class,28,3,1,0,0.65,3696,True,d123_hh26,head
d123_19,working_class,36,4,1,0,0.65,26575,True,d123_hh26,partner
d125_16,rural_worker,29,1,1,0,0.7,16914,True,d125_hh104,head
d125_79,retired,68,0,0,0,0.3,31711,True,d125_hh104,partner
d40_367,middle_class,56,3,0,0,0.7,31137,True,d40_hh49,head
d40_204,farmer_agricultural,66,3,0,0,0.75,19091,True,d40_hh49,partner
d65_148,rural_worker,46,1,0,0,0.7,6470,True,d65_hh17,head
d65_273,retired,58,3,0,0,0.3,31276,True,d65_hh17,partner
d21_149,middle_class,69,5,1,0,0.7,37423,True,d21_hh197,head
d21_66,young_professional,26,5,0,0,0.2,31082,True,d21_hh197,partner
d67_150,middle_class,34,2,0,0,0.7,33823,True,d67_hh54,head
d67_43,retired,73,2,1,0,0.3,5908,True,d67_hh54,partner
d268_158,affluent_professional,36,7,0,0,0.6,72007,True,d268_hh84,head
d129_73,rural_worker,46,1,1,0,0.7,26796,True,d129_hh159,head
d129_180,farmer_agricultural,54,2,0,0,0.75,17191,True,d129_hh159,partner
d21_150,low_income,48,2,1,0,0.5,15767,True,d21_hh122,head
d253_313,rural_worker,44,1,1,0,0.7,15419,True,d253_hh193,head
d227_239,middle_class,30,3,1,0,0.7,52332,True,d227_hh241,head
d29_408,retired,71,4,1,0,0.3,31756,True,d29_hh71,head
d51_291,rural_worker,38,2,0,0,0.7,22263,True,d51_hh52,head
d51_351,working_class,37,1,0,0,0.65,23615,True,d51_hh52,partner
d243_278,retired,69,2,1,0,0.3,22928,True,d243_hh63,head
d243_360,farmer_agricultural,42,0,1,0,0.75,22257,True,d243_hh63,partner
d267_419,working_class,42,3,0,0,0.65,23860,True,d267_hh149,head
d288_373,rural_worker,46,0,0,0,0.7,18756,True,d288_hh207,head
d125_435,working_class,45,2,1,0,0.65,25032,True,d125_hh247,head
d125_324,retired,69,3,1,0,0.3,13055,True,d125_hh247,partner
d103_167,retired,54,1,1,0,0.3,14798,True,d103_hh270,head
d103_161,retired,61,1,1,0,0.3,15322,True,d103_hh270,partner
d184_252,working_class,37,2,0,0,0.65,25235,True,d184_hh59,head
d51_259,working_class,58,3,0,0,0.65,27758,True,d51_hh118,head
d51_393,retired,75,2,0,0,0.3,28652,True,d51_hh118,partner
d15_226,affluent_professional,52,5,0,0,0.6,48206,True,d15_hh88,head
d15_78,working_class,37,2,0,0,0.65,10604,True,d15_hh88,partner
d153_222,working_class,67,3,0,0,0.65,35475,True,d153_hh241,head
d153_493,middle_class,51,3,0,0,0.7,29350,True,d153_hh241,partner
d280_461,middle_class,44,4,0,0,0.7,49806,True,d280_hh252,head
d242_21,farmer_agricultural,61,0,1,0,0.75,31426,True,d242_hh85,head
d242_403,rural_worker,31,2,1,0,0.7,28773,True,d242_hh85,partner
d242_442,retired,78,1,0,0,0.3,26425,True,d242_hh85,partner
d242_474,retired,89,2,1,0,0.3,29682,True,d242_hh85,partner
d297_87,retired,67,1,1,0,0.3,25967,True,d297_hh108,head
d297_38,working_class,50,1,0,0,0.65,27317,True,d297_hh108,partner
d205_141,rural_worker,70,1,1,0,0.7,27419,True,d205_hh18,head
d205_87,rural_worker,46,2,1,0,0.7,23271,True,d205_hh18,partner
d63_294,affluent_professional,37,7,1,0,0.6,79833,True,d63_hh8,head
d278_122,working_class,49,4,0,0,0.65,24222,True,d278_hh296,head
d278_98,middle_class,82,4,1,0,0.7,20662,True,d278_hh296,partner
d154_390,retired,63,3,1,0,0.3,41476,True,d154_hh119,head
d239_248,retired,89,5,1,0,0.3,15604,True,d239_hh29,head
d254_118,rural_worker,53,1,0,0,0.7,13977,True,d254_hh76,head
d21_394,low_income,32,1,0,0,0.5,17254,True,d21_hh64,head
d98_20,farmer_agricultural,43,2,1,0,0.75,26969,True,d98_hh79,head
d98_456,rural_worker,26,1,0,0,0.7,22737,True,d98_hh79,partner
d238_99,middle_class,49,4,1,0,0.7,60700,True,d238_hh251,head
d238_243,affluent_professional,43,3,1,0,0.6,36954,True,d238_hh251,partner
d153_25,farmer_agricultural,30,1,0,0,0.75,22169,True,d153_hh140,head
d153_14,farmer_agricultural,42,2,0,0,0.75,38412,True,d153_hh140,partner
d146_442,retired,65,3,1,0,0.3,-4742,True,d146_hh59,head
d146_166,working_class,41,2,0,0,0.65,15852,True,d146_hh59,partner
d266_260,retired,75,1,1,0,0.3,10316,True,d266_hh194,head
d266_72,middle_class,58,4,0,0,0.7,43839,True,d266_hh194,partner
d266_288,middle_class,43,4,1,0,0.7,50985,True,d266_hh22,head
d266_215,retired,66,5,0,0,0.3,41529,True,d266_hh22,partner
d188_397,middle_class,28,3,0,0,0.7,55617,True,d188_hh100,head
d188_41,affluent_professional,34,7,1,0,0.6,47950,True,d188_hh100,partner
d151_383,rural_worker,40,1,1,0,0.7,18309,True,d151_hh21,head
d56_166,working_class,45,1,1,0,0.65,25163,True,d56_hh43,head
d291_369,working_class,36,5,1,0,0.65,30823,True,d291_hh278,head
d291_86,middle_class,40,4,1,0,0.7,32702,True,d291_hh278,partner
d230_56,rural_worker,53,1,0,0,0.7,6230,True,d230_hh94,head
d284_69,retired,54,2,0,0,0.3,28827,True,d284_hh181,head
d284_77,rural_worker,41,1,0,0,0.7,18942,True,d284_hh181,partner
d64_45,middle_class,44,3,0,0,0.7,45587,True,d64_hh204,head
d64_52,young_professional,31,6,0,0,0.2,42457,True,d64_hh204,partner
d238_156,middle_class,29,6,0,0,0.7,45096,True,d238_hh204,head
d243_461,working_class,44,1,0,0,0.65,27134,True,d243_hh243,head
d2_447,working_class,64,3,0,0,0.65,30618,True,d2_hh124,head
d2_86,working_class,50,3,1,0,0.65,25642,True,d2_hh124,partner
d160_93,farmer_agricultural,48,1,1,0,0.75,17065,True,d160_hh281,head
d160_179,farmer_agricultural,59,2,0,0,0.75,36646,True,d160_hh281,partner
d38_165,affluent_professional,37,6,1,0,0.6,73405,True,d38_hh90,head
d38_73,retired,72,4,1,0,0.3,13054,True,d38_hh90,partner
d159_460,working_class,45,3,1,0,0.65,30367,True,d159_hh218,head
d159_99,farmer_agricultural,78,1,0,0,0.75,31296,True,d159_hh218,partner
d288_358,retired,74,1,0,0,0.3,12379,True,d288_hh116,head
d244_361,working_class,52,2,0,0,0.65,27556,True,d244_hh227,head
d244_376,retired,66,-1,1,0,0.3,15776,True,d244_hh227,partner
d125_157,farmer_agricultural,63,1,0,0,0.75,13557,True,d125_hh102,head
d125_169,working_class,41,4,0,0,0.65,31526,True,d125_hh102,partner
d201_119,retired,81,3,1,0,0.3,34767,True,d201_hh149,head
d281_65,working_class,31,3,0,0,0.65,37410,True,d281_hh78,head
d281_346,retired,73,5,1,0,0.3,12450,True,d281_hh78,partner
d239_69,affluent_professional,61,5,0,0,0.6,26319,True,d239_hh27,head
d239_21,retired,81,0,1,0,0.3,28709,True,d239_hh27,partner
d192_51,working_class,45,1,0,0,0.65,24446,True,d192_hh93,head
d192_456,working_class,57,1,1,0,0.65,28662,True,d192_hh93,partner
d38_126,rural_worker,43,2,0,0,0.7,11024,True,d38_hh14,head
d60_258,rural_worker,41,3,0,0,0.7,10966,True,d60_hh241,head
d60_202,middle_class,46,6,0,0,0.7,43660,True,d60_hh241,partner
d199_83,working_class,68,1,1,0,0.65,35273,True,d199_hh127,head
d199_483,farmer_agricultural,50,1,1,0,0.75,15461,True,d199_hh127,partner
d168_172,middle_class,40,6,0,0,0.7,47281,True,d168_hh97,head
d168_409,retired,78,1,0,0,0.3,20869,True,d168_hh97,partner
d92_57,young_professional,26,6,0,0,0.2,23445,True,d92_hh10,head
d92_168,middle_class,36,1,0,0,0.7,18541,True,d92_hh10,partner
d193_92,affluent_professional,39,6,1,0,0.6,62640,True,d193_hh49,head
d193_36,middle_class,56,4,1,0,0.7,19044,True,d193_hh49,partner
d110_409,farmer_agricultural,38,2,1,0,0.75,-6092,True,d110_hh50,head
d110_407,working_class,56,1,0,0,0.65,22882,True,d110_hh50,partner
d110_71,retired,82,1,0,0,0.3,11902,True,d110_hh50,partner
d110_383,working_class,56,0,1,0,0.65,24237,True,d110_hh50,partner
d110_423,farmer_agricultural,70,1,0,0,0.75,18121,True,d110_hh50,partner
d110_430,working_class,61,3,1,0,0.65,32909,True,d110_hh50,partner
d280_254,middle_class,60,6,1,0,0.7,45504,True,d280_hh152,head
d280_88,middle_class,58,4,1,0,0.7,58630,True,d280_hh152,partner
d115_417,retired,81,4,0,0,0.3,23393,True,d115_hh8,head
d115_20,middle_class,35,4,1,0,0.7,32465,True,d115_hh8,partner
d222_279,rural_worker,34,1,0,0,0.7,28242,True,d222_hh102,head
d222_262,middle_class,34,3,1,0,0.7,37609,True,d222_hh102,partner
d60_400,working_class,44,2,1,0,0.65,19739,True,d60_hh160,head
d60_243,rural_worker,27,1,0,0,0.7,24910,True,d60_hh160,partner
d147_18,working_class,21,3,0,0,0.65,24754,True,d147_hh93,head
d49_304,rural_worker,39,1,1,0,0.7,25141,True,d49_hh158,head
d49_59,middle_class,29,6,0,0,0.7,23713,True,d49_hh158,partner
d27_34,working_class,49,3,0,0,0.65,23545,True,d27_hh101,head
d27_442,working_class,40,3,0,0,0.65,20886,True,d27_hh101,partner
d219_177,retired,62,3,0,0,0.3,15605,True,d219_hh267,head
d219_415,affluent_professional,45,7,1,0,0.6,53251,True,d219_hh267,partner
d84_138,farmer_agricultural,53,0,0,0,0.75,12465,True,d84_hh137,head
d84_338,working_class,45,1,1,0,0.65,9584,True,d84_hh137,partner
d84_418,retired,81,1,1,0,0.3,11379,True,d84_hh137,partner
d84_478,retired,72,0,0,0,0.3,34880,True,d84_hh137,partner
d84_417,retired,78,2,1,0,0.3,20638,True,d84_hh137,partner
d239_233,working_class,35,2,1,0,0.65,19317,True,d239_hh238,head
d239_338,retired,57,3,0,0,0.3,25327,True,d239_hh238,partner
d270_393,affluent_professional,22,4,0,0,0.6,68106,True,d270_hh146,head
d270_118,retired,69,2,1,0,0.3,12392,True,d270_hh146,partner
d210_297,working_class,40,4,0,0,0.65,26941,True,d210_hh50,head
d210_54,farmer_agricultural,46,0,0,0,0.75,20883,True,d210_hh50,partner
d108_38,farmer_agricultural,55,2,1,0,0.75,24812,True,d108_hh100,head
d108_32,farmer_agricultural,38,0,0,0,0.75,21656,True,d108_hh100,partner
d55_274,middle_class,60,4,0,0,0.7,29363,True,d55_hh219,head
d28_244,young_professional,27,6,1,0,0.2,33728,True,d28_hh49,head
d50_408,middle_class,38,7,1,0,0.7,42389,True,d50_hh141,head
d50_260,rural_worker,55,1,0,0,0.7,18567,True,d50_hh141,partner
d242_302,working_class,64,4,0,0,0.65,23718,True,d242_hh163,head
d242_366,farmer_agricultural,72,1,0,0,0.75,49023,True,d242_hh163,partner
d58_376,farmer_agricultural,54,1,1,0,0.75,24892,True,d58_hh41,head
d239_287,farmer_agricultural,44,2,0,0,0.75,3655,True,d239_hh278,head
d239_317,working_class,51,2,0,0,0.65,27925,True,d239_hh278,partner
d45_155,rural_worker,42,1,0,0,0.7,13811,True,d45_hh218,head
d275_338,affluent_professional,39,6,0,0,0.6,87829,True,d275_hh231,head
d275_239,middle_class,45,4,1,0,0.7,30462,True,d275_hh231,partner
d151_386,retired,81,2,0,0,0.3,12738,True,d151_hh164,head
d151_71,working_class,54,0,1,0,0.65,38730,True,d151_hh164,partner
d211_19,rural_worker,40,0,1,0,0.7,16393,True,d211_hh126,head
d211_121,working_class,50,2,0,0,0.65,33777,True,d211_hh126,partner
d132_308,rural_worker,32,2,0,0,0.7,8438,True,d132_hh202,head
d132_279,farmer_agricultural,41,1,1,0,0.75,28618,True,d132_hh202,partner
d67_210,rural_worker,26,2,1,0,0.7,23034,True,d67_hh8,head
d67_380,farmer_agricultural,50,1,0,0,0.75,48004,True,d67_hh8,partner
d122_123,farmer_agricultural,45,1,1,0,0.75,14771,True,d122_hh52,head
d64_436,middle_class,37,2,0,0,0.7,59711,True,d64_hh193,head
d157_221,middle_class,32,4,1,0,0.7,49920,True,d157_hh152,head
d157_54,working_class,43,2,1,0,0.65,39437,True,d157_hh152,partner
d148_408,retired,75,3,1,0,0.3,32649,True,d148_hh34,head
d248_431,retired,80,2,0,0,0.3,23029,True,d248_hh202,head
d170_352,rural_worker,59,2,1,0,0.7,27021,True,d170_hh280,head
d228_400,retired,81,1,1,0,0.3,33550,True,d228_hh29,head
d228_374,rural_worker,29,2,1,0,0.7,7981,True,d228_hh29,partner
d201_288,rural_worker,57,1,0,0,0.7,30318,True,d201_hh227,head
d201_377,rural_worker,53,1,0,0,0.7,17515,True,d201_hh227,partner
d41_391,young_professional,19,7,0,0,0.2,17671,True,d41_hh222,head
d41_452,affluent_professional,36,6,1,0,0.6,57430,True,d41_hh222,partner
d41_6,working_class,62,1,0,0,0.65,25171,True,d41_hh222,partner
d175_346,working_class,39,2,1,0,0.65,21073,True,d175_hh178,head
d271_75,working_class,45,3,0,0,0.65,31791,True,d271_hh62,head
d271_167,working_class,45,0,0,0,0.65,30204,True,d271_hh62,partner
d64_68,working_class,40,2,1,0,0.65,36570,True,d64_hh4,head
d64_47,middle_class,48,1,1,0,0.7,53985,True,d64_hh4,partner
d246_495,farmer_agricultural,60,2,0,0,0.75,62282,True,d246_hh33,head
d246_67,retired,63,0,1,0,0.3,13125,True,d246_hh33,partner
d240_426,working_class,33,2,0,0,0.65,20789,True,d240_hh216,head
d18_307,working_class,57,2,1,0,0.65,37737,True,d18_hh126,head
d254_192,working_class,28,3,0,0,0.65,30798,True,d254_hh113,head
d164_284,retired,70,0,1,0,0.3,277,True,d164_hh85,head
d164_401,rural_worker,48,1,0,0,0.7,31837,True,d164_hh85,partner
d164_222,retired,87,5,1,0,0.3,6237,True,d164_hh85,partner
d164_356,retired,92,2,1,0,0.3,34551,True,d164_hh85,partner
d256_466,rural_worker,27,1,1,0,0.7,20939,True,d256_hh240,head
d256_417,rural_worker,57,1,1,0,0.7,16853,True,d256_hh240,partner
d13_13,middle_class,45,6,1,0,0.7,22964,True,d13_hh8,head
d13_70,retired,64,3,0,0,0.3,10673,True,d13_hh8,partner
d182_408,farmer_agricultural,54,0,0,0,0.75,40718,True,d182_hh120,head
d182_267,farmer_agricultural,67,5,1,0,0.75,40506,True,d182_hh120,partner
d120_134,middle_class,48,5,0,0,0.7,50125,True,d120_hh14,head
d120_26,retired,54,2,1,0,0.3,21418,True,d120_hh14,partner
d138_25,affluent_professional,50,8,1,0,0.6,86172,True,d138_hh133,head
d138_436,working_class,43,2,0,0,0.65,23222,True,d138_hh133,partner
d267_365,farmer_agricultural,37,2,1,0,0.75,-14921,True,d267_hh235,head
d267_169,affluent_professional,29,6,0,0,0.6,76947,True,d267_hh235,partner
d4_108,working_class,67,3,1,0,0.65,22913,True,d4_hh128,head
d4_235,affluent_professional,40,6,0,0,0.6,86450,True,d4_hh128,partner
d281_96,farmer_agricultural,74,2,1,0,0.75,-870,True,d281_hh39,head
d281_313,farmer_agricultural,48,1,0,0,0.75,28539,True,d281_hh39,partner
d28_15,student,20,5,0,0,0.05,22591,True,d28_hh171,head
d28_448,working_class,58,4,0,0,0.65,38459,True,d28_hh171,partner
d28_308,affluent_professional,38,5,1,0,0.6,87981,True,d28_hh171,partner
d138_359,retired,63,1,0,0,0.3,23789,True,d138_hh119,head
d160_162,working_class,49,2,1,0,0.65,35533,True,d160_hh26,head
d160_409,middle_class,34,0,0,0,0.7,37240,True,d160_hh26,partner
d82_28,farmer_agricultural,47,3,0,0,0.75,49920,True,d82_hh35,head
d82_183,rural_worker,59,1,0,0,0.7,7428,True,d82_hh35,partner
d103_98,working_class,26,1,0,0,0.65,22319,True,d103_hh109,head
d103_20,farmer_agricultural,74,3,1,0,0.75,32347,True,d103_hh109,partner
d179_402,student,25,7,0,0,0.05,11518,True,d179_hh206,head
d179_333,student,17,4,1,0,0.05,9041,True,d179_hh206,partner
d179_464,working_class,62,2,1,0,0.65,26234,True,d179_hh206,partner
d96_96,working_class,30,3,0,0,0.65,25123,True,d96_hh247,head
d96_47,middle_class,57,4,0,0,0.7,27412,True,d96_hh247,partner
d24_285,rural_worker,50,1,0,0,0.7,27110,True,d24_hh225,head
d217_361,farmer_agricultural,50,3,1,0,0.75,10513,True,d217_hh96,head
d217_473,farmer_agricultural,30,2,0,0,0.75,21014,True,d217_hh96,partner
d205_9,middle_class,33,3,0,0,0.7,31845,True,d205_hh183,head
d205_381,retired,72,5,1,0,0.3,16571,True,d205_hh183,partner
d28_223,working_class,36,2,0,0,0.65,29912,True,d28_hh152,head
d79_489,farmer_agricultural,59,2,0,0,0.75,38224,True,d79_hh77,head
d12_64,rural_worker,53,1,0,0,0.7,24668,True,d12_hh38,head
d12_11,working_class,46,3,1,0,0.65,16781,True,d12_hh38,partner
d18_35,rural_worker,29,0,1,0,0.7,38326,True,d18_hh21,head
d18_474,working_class,44,1,0,0,0.65,23171,True,d18_hh21,partner
d57_431,affluent_professional,44,6,0,0,0.6,48059,True,d57_hh124,head
d57_143,working_class,45,2,1,0,0.65,28364,True,d57_hh124,partner
d28_243,low_income,43,1,1,0,0.5,17939,True,d28_hh67,head
d136_104,farmer_agricultural,47,2,1,0,0.75,30320,True,d136_hh0,head
d136_142,retired,49,2,1,0,0.3,32842,True,d136_hh0,partner
d54_230,middle_class,53,5,1,0,0.7,44085,True,d54_hh49,head
d54_54,working_class,49,2,1,0,0.65,17746,True,d54_hh49,partner
d54_49,working_class,57,1,1,0,0.65,20605,True,d54_hh78,head
d54_162,affluent_professional,38,5,0,0,0.6,57385,True,d54_hh78,partner
d54_267,retired,74,2,0,0,0.3,21866,True,d54_hh78,partner
d54_22,working_class,74,2,0,0,0.65,17065,True,d54_hh78,partner
d127_166,retired,72,2,0,0,0.3,37386,True,d127_hh120,head
d127_378,middle_class,45,7,0,0,0.7,39914,True,d127_hh120,partner
d297_472,working_class,69,2,0,0,0.65,20296,True,d297_hh2,head
d193_129,farmer_agricultural,61,3,1,0,0.75,35105,True,d193_hh48,head
d193_150,farmer_agricultural,37,2,0,0,0.75,22542,True,d193_hh48,partner
d74_368,affluent_professional,46,5,1,0,0.6,67263,True,d74_hh219,head
d74_375,retired,66,1,1,0,0.3,24526,True,d74_hh219,partner
d201_54,rural_worker,48,1,0,0,0.7,27702,True,d201_hh59,head
d201_204,retired,71,3,1,0,0.3,13466,True,d201_hh59,partner
d201_196,retired,82,1,0,0,0.3,30807,True,d201_hh59,partner
d201_390,retired,73,3,0,0,0.3,28511,True,d201_hh59,partner
d201_454,retired,78,3,1,0,0.3,6059,True,d201_hh59,partner
d118_12,middle_class,59,5,1,0,0.7,35034,True,d118_hh21,head
d118_118,working_class,53,0,0,0,0.65,29165,True,d118_hh21,partner
d84_326,middle_class,52,3,0,0,0.7,22499,True,d84_hh205,head
d84_173,middle_class,46,6,1,0,0.7,38660,True,d84_hh205,partner
d243_103,affluent_professional,39,5,1,0,0.6,49874,True,d243_hh39,head
d243_54,farmer_agricultural,68,2,1,0,0.75,33805,True,d243_hh39,partner
d266_471,middle_class,31,5,0,0,0.7,51165,True,d266_hh146,head
d197_289,middle_class,32,2,0,0,0.7,40414,True,d197_hh85,head
d197_165,retired,70,4,1,0,0.3,12120,True,d197_hh85,partner
d62_35,affluent_professional,45,7,0,0,0.6,82596,True,d62_hh136,head
d62_464,farmer_agricultural,42,0,0,0,0.75,62109,True,d62_hh136,partner
d62_220,retired,88,5,0,0,0.3,34238,True,d62_hh136,partner
d62_27,retired,63,4,1,0,0.3,31149,True,d62_hh136,partner
d288_78,farmer_agricultural,38,1,1,0,0.75,15519,True,d288_hh88,head
d288_273,working_class,56,0,1,0,0.65,32298,True,d288_hh88,partner
d98_414,affluent_professional,39,6,1,0,0.6,63434,True,d98_hh268,head
d98_305,middle_class,39,4,0,0,0.7,22338,True,d98_hh268,partner
d227_204,rural_worker,50,1,0,0,0.7,24243,True,d227_hh262,head
d227_16,middle_class,50,2,1,0,0.7,348,True,d227_hh262,partner
d92_389,student,16,8,0,0,0.05,19696,True,d92_hh227,head
d92_426,working_class,58,2,1,0,0.65,22253,True,d92_hh227,partner
d92_108,middle_class,52,3,0,0,0.7,41475,True,d92_hh227,partner
d31_363,rural_worker,61,2,1,0,0.7,27765,True,d31_hh265,head
d277_154,middle_class,47,6,1,0,0.7,40794,True,d277_hh76,head
d277_41,retired,65,2,0,0,0.3,25500,True,d277_hh76,partner
d38_250,rural_worker,56,0,1,0,0.7,36192,True,d38_hh19,head
d38_228,rural_worker,31,2,0,0,0.7,35759,True,d38_hh19,partner
d118_384,working_class,56,3,1,0,0.65,18338,True,d118_hh186,head
d118_105,affluent_professional,42,5,1,0,0.6,51247,True,d118_hh186,partner
d38_364,farmer_agricultural,54,0,0,0,0.75,9561,True,d38_hh87,head
d38_10,rural_worker,38,2,1,0,0.7,16910,True,d38_hh87,partner
d272_19,retired,68,0,1,0,0.3,35776,True,d272_hh159,head
d272_55,retired,77,3,0,0,0.3,29279,True,d272_hh159,partner
d160_219,rural_worker,60,1,0,0,0.7,19367,True,d160_hh138,head
d84_192,middle_class,47,3,0,0,0.7,33849,True,d84_hh58,head
d84_153,retired,61,4,0,0,0.3,36166,True,d84_hh58,partner
d258_187,retired,78,3,0,0,0.3,15719,True,d258_hh186,head
d258_494,rural_worker,37,2,0,0,0.7,29156,True,d258_hh186,partner
d57_158,rural_worker,27,3,1,0,0.7,16290,True,d57_hh152,head
d57_330,middle_class,41,3,1,0,0.7,45133,True,d57_hh152,partner
d21_232,affluent_professional,44,8,0,0,0.6,68435,True,d21_hh81,head
d21_414,young_professional,29,5,1,0,0.2,39636,True,d21_hh81,partner
d21_78,retired,82,1,1,0,0.3,4401,True,d21_hh81,partner
d199_195,farmer_agricultural,49,2,0,0,0.75,16696,True,d199_hh223,head
d199_259,rural_worker,49,0,0,0,0.7,30835,True,d199_hh223,partner
d199_364,working_class,47,2,0,0,0.65,23760,True,d199_hh119,head
d199_148,farmer_agricultural,43,0,0,0,0.75,33080,True,d199_hh119,partner
d197_151,retired,73,5,1,0,0.3,12647,True,d197_hh233,head
d197_450,middle_class,31,3,1,0,0.7,39466,True,d197_hh233,partner
d91_30,retired,80,2,0,0,0.3,24350,True,d91_hh100,head
d0_424,rural_worker,41,2,1,0,0.7,17634,True,d0_hh112,head
d11_448,middle_class,38,3,0,0,0.7,37865,True,d11_hh101,head
d11_125,farmer_agricultural,35,2,0,0,0.75,43399,True,d11_hh101,partner
d111_494,young_professional,18,4,0,0,0.2,32577,True,d111_hh139,head
d111_263,middle_class,42,5,1,0,0.7,45488,True,d111_hh139,partner
d198_443,affluent_professional,30,6,1,0,0.6,51674,True,d198_hh94,head
d198_452,rural_worker,44,1,0,0,0.7,43174,True,d198_hh94,partner
d38_329,retired,70,2,0,0,0.3,50177,True,d38_hh162,head
d113_452,retired,72,3,1,0,0.3,6878,True,d113_hh68,head
d113_304,working_class,38,1,0,0,0.65,39858,True,d113_hh68,partner
d249_153,rural_worker,40,1,0,0,0.7,28205,True,d249_hh158,head
d249_244,retired,57,0,0,0,0.3,10573,True,d249_hh158,partner
d281_307,retired,65,1,0,0,0.3,30738,True,d281_hh32,head
d281_418,farmer_agricultural,69,3,1,0,0.75,34821,True,d281_hh32,partner
d150_30,farmer_agricultural,40,2,1,0,0.75,48861,True,d150_hh1,head
d150_3,rural_worker,52,2,1,0,0.7,22189,True,d150_hh1,partner
d272_384,farmer_agricultural,42,1,1,0,0.75,1211,True,d272_hh144,head
d272_83,farmer_agricultural,50,2,1,0,0.75,18223,True,d272_hh144,partner
d230_70,affluent_professional,36,6,0,0,0.6,67005,True,d230_hh19,head
d230_13,working_class,39,2,0,0,0.65,17567,True,d230_hh19,partner
d243_412,working_class,39,1,0,0,0.65,33528,True,d243_hh167,head
d243_335,farmer_agricultural,62,3,1,0,0.75,23792,True,d243_hh167,partner
d165_78,farmer_agricultural,61,2,1,0,0.75,71902,True,d165_hh76,head
d217_212,rural_worker,60,0,1,0,0.7,32515,True,d217_hh67,head
d217_106,retired,64,2,1,0,0.3,28894,True,d217_hh67,partner
d166_117,working_class,45,5,1,0,0.65,15632,True,d166_hh159,head
d56_480,middle_class,51,5,0,0,0.7,41395,True,d56_hh245,head
d56_496,rural_worker,48,1,1,0,0.7,25038,True,d56_hh245,partner
d281_295,retired,68,1,1,0,0.3,18303,True,d281_hh271,head
d147_215,working_class,54,2,1,0,0.65,37402,True,d147_hh109,head
d147_14,young_professional,18,7,1,0,0.2,35257,True,d147_hh109,partner
d69_4,farmer_agricultural,47,1,0,0,0.75,23799,True,d69_hh50,head
d69_401,farmer_agricultural,55,2,1,0,0.75,31860,True,d69_hh50,partner
d69_348,retired,67,3,1,0,0.3,26291,True,d69_hh50,partner
d69_117,retired,72,4,1,0,0.3,11638,True,d69_hh50,partner
d159_172,farmer_agricultural,51,1,1,0,0.75,12579,True,d159_hh259,head
d159_415,retired,75,4,1,0,0.3,27166,True,d159_hh259,partner
d149_57,farmer_agricultural,61,1,1,0,0.75,-10563,True,d149_hh224,head
d149_170,rural_worker,48,1,1,0,0.7,24834,True,d149_hh224,partner
d121_122,farmer_agricultural,76,2,1,0,0.75,26391,True,d121_hh152,head
d121_211,middle_class,59,5,1,0,0.7,46067,True,d121_hh152,partner
d249_7,working_class,52,3,1,0,0.65,20915,True,d249_hh215,head
d271_243,retired,70,5,0,0,0.3,22736,True,d271_hh217,head
d113_36,rural_worker,57,0,0,0,0.7,24528,True,d113_hh106,head
d113_102,rural_worker,66,1,1,0,0.7,23215,True,d113_hh106,partner
d173_361,farmer_agricultural,43,3,1,0,0.75,9881,True,d173_hh252,head
d173_431,rural_worker,74,1,0,0,0.7,24643,True,d173_hh252,partner
d0_32,farmer_agricultural,36,1,0,0,0.75,33996,True,d0_hh147,head
d0_395,middle_class,31,4,0,0,0.7,42384,True,d0_hh147,partner
d128_42,farmer_agricultural,47,0,0,0,0.75,28572,True,d128_hh38,head
d128_8,retired,83,2,0,0,0.3,11856,True,d128_hh38,partner
d235_326,farmer_agricultural,39,2,0,0,0.75,39054,True,d235_hh214,head
d235_340,working_class,34,2,1,0,0.65,21775,True,d235_hh214,partner
d235_391,retired,56,2,0,0,0.3,29374,True,d235_hh214,partner
d235_205,rural_worker,64,1,1,0,0.7,22769,True,d235_hh214,partner
d235_37,retired,69,1,0,0,0.3,26300,True,d235_hh214,partner
d235_351,retired,68,3,1,0,0.3,28978,True,d235_hh214,partner
d154_47,working_class,47,3,1,0,0.65,23365,True,d154_hh134,head
d154_392,working_class,37,5,0,0,0.65,12466,True,d154_hh134,partner
d149_67,middle_class,39,6,0,0,0.7,36042,True,d149_hh111,head
d149_247,rural_worker,50,1,0,0,0.7,19667,True,d149_hh111,partner
d8_349,farmer_agricultural,49,2,1,0,0.75,39178,True,d8_hh87,head
d8_100,working_class,73,0,1,0,0.65,9766,True,d8_hh87,partner
d8_314,retired,71,4,1,0,0.3,9658,True,d8_hh87,partner
d31_79,affluent_professional,42,7,1,0,0.6,55126,True,d31_hh237,head
d31_465,retired,66,2,1,0,0.3,4309,True,d31_hh237,partner
d7_0,farmer_agricultural,38,1,0,0,0.75,44337,True,d7_hh227,head
d213_339,working_class,43,4,0,0,0.65,27964,True,d213_hh221,head
d213_321,rural_worker,48,1,1,0,0.7,18055,True,d213_hh221,partner
d25_456,retired,61,3,0,0,0.3,15190,True,d25_hh61,head
d25_361,retired,75,1,0,0,0.3,-1528,True,d25_hh61,partner
d153_185,working_class,52,3,0,0,0.65,21475,True,d153_hh4,head
d259_328,affluent_professional,39,4,0,0,0.6,51199,True,d259_hh118,head
d53_91,retired,78,4,1,0,0.3,8831,True,d53_hh1,head
d53_3,retired,62,2,1,0,0.3,26465,True,d53_hh1,partner
d272_297,farmer_agricultural,31,0,0,0,0.75,18218,True,d272_hh228,head
d272_302,retired,82,1,1,0,0.3,23328,True,d272_hh228,partner
d248_275,affluent_professional,53,4,0,0,0.6,58503,True,d248_hh61,head
d248_439,working_class,51,2,1,0,0.65,24848,True,d248_hh61,partner
d84_123,rural_worker,41,1,1,0,0.7,29971,True,d84_hh7,head
d58_18,working_class,42,2,1,0,0.65,34260,True,d58_hh156,head
d58_300,working_class,54,4,0,0,0.65,24263,True,d58_hh156,partner
d103_283,retired,80,1,1,0,0.3,29827,True,d103_hh26,head
d103_10,rural_worker,40,1,1,0,0.7,17631,True,d103_hh26,partner
d97_171,rural_worker,29,1,1,0,0.7,33151,True,d97_hh4,head
d97_393,working_class,42,1,1,0,0.65,27546,True,d97_hh4,partner
d243_279,farmer_agricultural,33,1,1,0,0.75,32519,True,d243_hh106,head
d243_323,affluent_professional,39,8,0,0,0.6,74918,True,d243_hh106,partner
d214_306,retired,76,3,0,0,0.3,16406,True,d214_hh6,head
d214_96,working_class,43,1,1,0,0.65,37819,True,d214_hh6,partner
d157_144,working_class,51,2,0,0,0.65,20332,True,d157_hh82,head
d157_186,retired,74,1,1,0,0.3,7458,True,d157_hh82,partner
d249_494,working_class,52,2,0,0,0.65,30495,True,d249_hh61,head
d249_443,rural_worker,54,0,1,0,0.7,30303,True,d249_hh61,partner
d153_64,retired,57,2,1,0,0.3,36225,True,d153_hh87,head
d153_258,working_class,44,3,1,0,0.65,16082,True,d153_hh87,partner
d0_400,working_class,33,1,0,0,0.65,29361,True,d0_hh179,head
d195_228,rural_worker,48,3,0,0,0.7,22761,True,d195_hh64,head
d195_138,farmer_agricultural,47,3,0,0,0.75,16472,True,d195_hh64,partner
d231_167,working_class,63,4,0,0,0.65,17674,True,d231_hh8,head
d68_259,affluent_professional,39,6,1,0,0.6,81884,True,d68_hh118,head
d274_369,farmer_agricultural,33,0,0,0,0.75,49205,True,d274_hh197,head
d274_354,rural_worker,26,2,1,0,0.7,23145,True,d274_hh197,partner
d49_370,working_class,55,2,1,0,0.65,37918,True,d49_hh181,head
d205_12,affluent_professional,45,7,1,0,0.6,50154,True,d205_hh111,head
d205_67,rural_worker,52,2,1,0,0.7,10386,True,d205_hh111,partner
d243_69,working_class,57,3,0,0,0.65,19592,True,d243_hh204,head
d243_209,working_class,56,1,0,0,0.65,22696,True,d243_hh204,partner
d167_179,working_class,23,2,0,0,0.65,21756,True,d167_hh10,head
d167_204,farmer_agricultural,45,1,0,0,0.75,58033,True,d167_hh10,partner
d159_510,retired,72,4,1,0,0.3,27390,True,d159_hh264,head
d253_361,farmer_agricultural,48,1,0,0,0.75,53879,True,d253_hh162,head
d253_119,affluent_professional,25,6,0,0,0.6,57846,True,d253_hh162,partner
d271_155,rural_worker,48,2,1,0,0.7,24397,True,d271_hh100,head
d19_111,retired,80,2,1,0,0.3,28848,True,d19_hh127,head
d294_4,affluent_professional,46,7,0,0,0.6,65969,True,d294_hh54,head
d294_404,middle_class,42,3,1,0,0.7,61875,True,d294_hh54,partner
d177_114,farmer_agricultural,53,1,1,0,0.75,34998,True,d177_hh56,head
d177_55,working_class,39,2,0,0,0.65,22752,True,d177_hh56,partner
d138_230,rural_worker,45,1,1,0,0.7,39017,True,d138_hh136,head
d138_391,working_class,37,1,1,0,0.65,29864,True,d138_hh136,partner
d295_41,affluent_professional,45,5,1,0,0.6,57139,True,d295_hh155,head
d295_78,retired,65,0,1,0,0.3,40514,True,d295_hh155,partner
d227_370,retired,62,3,0,0,0.3,7025,True,d227_hh14,head
d227_100,middle_class,40,4,1,0,0.7,32160,True,d227_hh14,partner
d113_496,farmer_agricultural,58,2,0,0,0.75,39208,True,d113_hh101,head
d113_339,working_class,60,2,0,0,0.65,12552,True,d113_hh101,partner
d273_273,working_class,31,0,1,0,0.65,30065,True,d273_hh9,head
d273_127,retired,74,2,0,0,0.3,14346,True,d273_hh9,partner
d147_433,retired,79,2,1,0,0.3,16388,True,d147_hh188,head
d147_388,young_professional,22,4,0,0,0.2,39521,True,d147_hh188,partner
d229_54,retired,63,3,1,0,0.3,29052,True,d229_hh64,head
d229_314,retired,75,5,1,0,0.3,31515,True,d229_hh64,partner
d111_459,middle_class,54,4,1,0,0.7,40850,True,d111_hh141,head
d111_229,retired,79,-1,1,0,0.3,1128,True,d111_hh141,partner
d229_67,rural_worker,57,1,0,0,0.7,26065,True,d229_hh162,head
d229_195,rural_worker,41,1,0,0,0.7,23561,True,d229_hh162,partner
d177_10,middle_class,46,4,0,0,0.7,54266,True,d177_hh1,head
d177_344,farmer_agricultural,72,1,1,0,0.75,23616,True,d177_hh1,partner
d29_352,retired,66,2,1,0,0.3,27356,True,d29_hh237,head
d258_57,working_class,56,2,1,0,0.65,18826,True,d258_hh63,head
d258_404,affluent_professional,61,6,1,0,0.6,63027,True,d258_hh63,partner
d40_135,farmer_agricultural,65,2,1,0,0.75,36907,True,d40_hh241,head
d40_453,farmer_agricultural,51,2,1,0,0.75,37898,True,d40_hh241,partner
d45_427,middle_class,45,5,0,0,0.7,41968,True,d45_hh109,head
d45_119,farmer_agricultural,49,2,0,0,0.75,36534,True,d45_hh109,partner
d289_42,retired,81,2,0,0,0.3,5079,True,d289_hh162,head
d163_196,farmer_agricultural,66,1,0,0,0.75,47977,True,d163_hh194,head
d163_213,working_class,48,3,0,0,0.65,22226,True,d163_hh194,partner
d268_38,middle_class,32,4,1,0,0.7,49332,True,d268_hh268,head
d268_24,working_class,71,2,0,0,0.65,25002,True,d268_hh268,partner
d49_421,farmer_agricultural,62,1,1,0,0.75,2502,True,d49_hh222,head
d276_234,low_income,48,0,1,0,0.5,25975,True,d276_hh158,head
d84_469,working_class,57,2,0,0,0.65,29269,True,d84_hh162,head
d84_327,middle_class,30,7,1,0,0.7,25397,True,d84_hh162,partner
d132_469,working_class,51,3,0,0,0.65,23453,True,d132_hh237,head
d132_270,retired,66,5,1,0,0.3,41490,True,d132_hh237,partner
d61_99,working_class,62,3,1,0,0.65,10221,True,d61_hh66,head
d61_165,working_class,38,3,0,0,0.65,31396,True,d61_hh66,partner
d289_153,working_class,57,1,1,0,0.65,21990,True,d289_hh73,head
d289_359,farmer_agricultural,35,2,1,0,0.75,27434,True,d289_hh73,partner
d115_370,middle_class,37,3,1,0,0.7,26587,True,d115_hh34,head
d115_226,retired,76,2,0,0,0.3,29660,True,d115_hh34,partner
d150_395,rural_worker,40,2,1,0,0.7,23112,True,d150_hh11,head
d150_406,farmer_agricultural,40,2,0,0,0.75,35179,True,d150_hh11,partner
d65_415,farmer_agricultural,41,3,1,0,0.75,45120,True,d65_hh16,head
d65_86,rural_worker,61,2,0,0,0.7,27358,True,d65_hh16,partner
d106_91,young_professional,29,4,1,0,0.2,18914,True,d106_hh45,head
d106_155,young_professional,26,7,1,0,0.2,23796,True,d106_hh45,partner
d40_12,farmer_agricultural,51,2,0,0,0.75,36335,True,d40_hh134,head
d40_273,rural_worker,47,3,0,0,0.7,9357,True,d40_hh134,partner
d210_282,working_class,42,1,0,0,0.65,20000,True,d210_hh196,head
d115_275,retired,79,4,1,0,0.3,15829,True,d115_hh223,head
d274_214,middle_class,50,2,1,0,0.7,46632,True,d274_hh191,head
d274_498,farmer_agricultural,47,1,0,0,0.75,43457,True,d274_hh191,partner
d229_280,farmer_agricultural,41,0,1,0,0.75,17574,True,d229_hh226,head
d229_113,retired,57,3,0,0,0.3,27874,True,d229_hh226,partner
d136_73,middle_class,36,4,1,0,0.7,43392,True,d136_hh52,head
d136_21,rural_worker,22,1,0,0,0.7,22554,True,d136_hh52,partner
d64_471,low_income,33,2,0,0,0.5,10462,True,d64_hh192,head
d19_125,working_class,37,3,0,0,0.65,23711,True,d19_hh258,head
d49_29,rural_worker,51,0,1,0,0.7,14631,True,d49_hh265,head
d49_455,retired,74,2,0,0,0.3,23202,True,d49_hh265,partner
d68_342,working_class,55,3,1,0,0.65,21773,True,d68_hh192,head
d68_264,middle_class,51,3,1,0,0.7,34000,True,d68_hh192,partner
d29_148,affluent_professional,36,6,1,0,0.6,76156,True,d29_hh257,head
d29_20,middle_class,61,6,0,0,0.7,40834,True,d29_hh257,partner
d291_141,middle_class,46,5,1,0,0.7,30893,True,d291_hh1,head
d291_347,rural_worker,46,2,1,0,0.7,16100,True,d291_hh1,partner
d231_500,rural_worker,38,2,0,0,0.7,24989,True,d231_hh39,head
d231_261,middle_class,48,6,0,0,0.7,39919,True,d231_hh39,partner
d79_286,middle_class,46,5,1,0,0.7,38063,True,d79_hh124,head
d63_313,farmer_agricultural,23,0,1,0,0.75,-8496,True,d63_hh247,head
d63_253,rural_worker,43,1,0,0,0.7,26514,True,d63_hh90,head
d63_303,farmer_agricultural,37,1,0,0,0.75,30863,True,d63_hh90,partner
d82_52,working_class,39,3,0,0,0.65,9864,True,d82_hh246,head
d82_277,rural_worker,51,1,1,0,0.7,29597,True,d82_hh246,partner
d173_139,working_class,41,3,1,0,0.65,28598,True,d173_hh123,head
d173_314,affluent_professional,38,6,1,0,0.6,48161,True,d173_hh123,partner
d157_188,rural_worker,46,1,1,0,0.7,20788,True,d157_hh20,head
d280_202,affluent_professional,33,5,1,0,0.6,109128,True,d280_hh35,head
d280_163,affluent_professional,51,4,1,0,0.6,98501,True,d280_hh35,partner
d28_431,low_income,34,3,1,0,0.5,20534,True,d28_hh157,head
d284_89,farmer_agricultural,73,0,1,0,0.75,16779,True,d284_hh38,head
d284_276,working_class,47,1,0,0,0.65,19771,True,d284_hh38,partner
d284_365,retired,93,4,0,0,0.3,27587,True,d284_hh38,partner
d284_495,retired,91,3,0,0,0.3,38788,True,d284_hh38,partner
d168_335,working_class,46,2,0,0,0.65,39050,True,d168_hh277,head
d31_187,farmer_agricultural,49,3,0,0,0.75,23308,True,d31_hh168,head
d31_427,middle_class,37,2,1,0,0.7,49359,True,d31_hh168,partner
d161_195,retired,73,3,0,0,0.3,29563,True,d161_hh29,head
d161_251,middle_class,51,3,0,0,0.7,21641,True,d161_hh29,partner
d271_145,working_class,62,2,1,0,0.65,16708,True,d271_hh7,head
d271_149,farmer_agricultural,36,1,0,0,0.75,29395,True,d271_hh7,partner
d151_61,farmer_agricultural,38,0,0,0,0.75,20064,True,d151_hh202,head
d151_73,working_class,44,1,0,0,0.65,29268,True,d151_hh202,partner
d96_126,rural_worker,65,3,0,0,0.7,5820,True,d96_hh132,head
d148_240,middle_class,44,6,1,0,0.7,40141,True,d148_hh128,head
d148_404,farmer_agricultural,66,1,0,0,0.75,48900,True,d148_hh128,partner
d63_163,rural_worker,49,2,0,0,0.7,32071,True,d63_hh170,head
d63_112,middle_class,46,6,0,0,0.7,45382,True,d63_hh170,partner
d77_476,working_class,26,4,0,0,0.65,33898,True,d77_hh119,head
d224_279,working_class,56,2,0,0,0.65,27201,True,d224_hh194,head
d224_339,farmer_agricultural,38,1,0,0,0.75,40748,True,d224_hh194,partner
d274_375,rural_worker,50,1,0,0,0.7,31803,True,d274_hh279,head
d102_416,working_class,50,2,0,0,0.65,38446,True,d102_hh100,head
d235_475,working_class,49,3,1,0,0.65,20643,True,d235_hh207,head
d243_59,middle_class,49,5,0,0,0.7,35288,True,d243_hh234,head
d243_108,rural_worker,45,2,1,0,0.7,10042,True,d243_hh234,partner
d238_97,middle_class,60,4,1,0,0.7,25690,True,d238_hh190,head
d238_176,affluent_professional,44,6,1,0,0.6,23759,True,d238_hh190,partner
d274_256,rural_worker,44,1,0,0,0.7,10313,True,d274_hh174,head
d274_382,working_class,48,4,0,0,0.65,13181,True,d274_hh174,partner
d101_422,rural_worker,39,1,0,0,0.7,19372,True,d101_hh132,head
d101_103,working_class,30,3,0,0,0.65,22356,True,d101_hh132,partner
d7_26,rural_worker,50,2,0,0,0.7,25328,True,d7_hh51,head
d7_18,retired,73,2,1,0,0.3,4094,True,d7_hh51,partner
d19_151,farmer_agricultural,57,3,0,0,0.75,37435,True,d19_hh86,head
d19_460,working_class,40,2,0,0,0.65,18601,True,d19_hh86,partner
d96_94,working_class,50,2,0,0,0.65,30913,True,d96_hh75,head
d210_221,farmer_agricultural,54,2,0,0,0.75,47748,True,d210_hh77,head
d143_30,middle_class,37,6,0,0,0.7,36706,True,d143_hh165,head
d153_82,working_class,30,1,0,0,0.65,24716,True,d153_hh152,head
d153_224,rural_worker,33,1,1,0,0.7,14053,True,d153_hh152,partner
d13_403,rural_worker,48,1,0,0,0.7,28340,True,d13_hh139,head
d13_282,retired,65,2,0,0,0.3,16427,True,d13_hh139,partner
d57_430,retired,80,3,1,0,0.3,34897,True,d57_hh1,head
d186_268,retired,80,4,1,0,0.3,24903,True,d186_hh69,head
d186_102,working_class,55,3,0,0,0.65,17589,True,d186_hh69,partner
d154_369,working_class,52,2,0,0,0.65,29341,True,d154_hh115,head
d154_247,retired,68,1,1,0,0.3,29016,True,d154_hh115,partner
d68_201,working_class,57,2,1,0,0.65,22522,True,d68_hh154,head
d68_327,student,19,7,1,0,0.05,11090,True,d68_hh154,partner
d143_453,rural_worker,32,2,0,0,0.7,16996,True,d143_hh255,head
d143_418,farmer_agricultural,52,1,1,0,0.75,40630,True,d143_hh255,partner
d35_134,rural_worker,57,1,0,0,0.7,28338,True,d35_hh40,head
d35_357,farmer_agricultural,69,1,1,0,0.75,-18367,True,d35_hh40,partner
d218_158,middle_class,36,6,1,0,0.7,42535,True,d218_hh277,head
d274_21,rural_worker,39,1,1,0,0.7,22942,True,d274_hh53,head
d75_438,retired,83,1,0,0,0.3,15940,True,d75_hh50,head
d75_106,rural_worker,39,3,1,0,0.7,11720,True,d75_hh50,partner
d0_258,farmer_agricultural,52,2,1,0,0.75,11597,True,d0_hh260,head
d0_378,rural_worker,44,2,0,0,0.7,22431,True,d0_hh260,partner
d0_233,retired,70,4,0,0,0.3,19549,True,d0_hh260,partner
d0_202,retired,78,3,0,0,0.3,5144,True,d0_hh260,partner
d0_161,retired,76,2,1,0,0.3,20295,True,d0_hh260,partner
d0_100,retired,85,0,0,0,0.3,30638,True,d0_hh260,partner
d149_377,working_class,41,3,0,0,0.65,26389,True,d149_hh23,head
d149_17,middle_class,54,3,1,0,0.7,40429,True,d149_hh23,partner
d121_75,working_class,39,2,0,0,0.65,24086,True,d121_hh85,head
d121_62,rural_worker,49,0,0,0,0.7,27893,True,d121_hh85,partner
d19_144,affluent_professional,50,4,0,0,0.6,67551,True,d19_hh74,head
d19_194,farmer_agricultural,55,2,1,0,0.75,11391,True,d19_hh74,partner
d19_166,working_class,75,2,1,0,0.65,16168,True,d19_hh74,partner
d155_335,student,24,5,0,0,0.05,6159,True,d155_hh98,head
d155_77,low_income,44,1,0,0,0.5,12623,True,d155_hh98,partner
d155_406,student,22,4,1,0,0.05,9705,True,d155_hh98,partner
d155_401,middle_class,51,7,0,0,0.7,44031,True,d155_hh98,partner
d121_218,farmer_agricultural,42,0,1,0,0.75,6024,True,d121_hh76,head
d121_7,working_class,67,1,1,0,0.65,28857,True,d121_hh76,partner
